{"file_hashes":[{"block_hashes":["FJIwAm7EWBF5Z3bBYX/g4VzvrflzUiw5ezEoPayBLAo=","cT+1yM3VFQcQsmxppy3lG1R6eJj6CGiwkeBSDHozbOo=","+YaFhWKqynmvdsnN5gH2HjEohvHsjIw/zLlITL85viI=","0OTvt+e7itNiNa9pVIARlVgsjqioQzRXEj/FdzdAWco=","9q1X4+p2mDU0wbYgLWX0d9/7wE4JjZGlu3wDXakbSwk=","uepAmltphEwfIbVQDSPtj34W55ExIN6S1hZ3jV+RE7s=","bxpnCMsLWUnO1Y3tEwHGKA0hlxStktJeDnpQeY6Q1Lw=","Rr79jO5qi8S3oxupQ3W0LD9AbkytKfAC0ILRL7MpQI4=","aNcjMlOOKAcfVG0+Ygeqc3fws08KpP4ewaQ6NbVt0o0="],"block_size":4096,"path":"background.bundle.js"},{"block_hashes":["lDCNynEVyV/1bflhIlHr85sdd6bbP8FtCqU5EvxjanE="],"block_size":4096,"path":"images/icon_bw.png"},{"block_hashes":["bCyhtpAfTEbpnfHW2UuUGoo1yPz4+mVikAHwkzYCncY=","sKn7NBbACic83ipV5a5yUaLc0Tncrjd2G1EbkFTidf0=","UEyhsGh3SxzX1SiXyco+Z/3KMpgYMd1MJlXRww00rcU=","f/ji/0g2y/+AYUEHF2e/g7F6p0TjNLYWPK9TMKzUhXM=","Am8F0cmT6kznQQI0K3IZIJadN3PsERgzHspYRaqNkYg=","hP/bC0SmndnbgyPC4ZHv2OcuKsXhQS36CRZilLPvTF8=","mlzEnQ5TUd7sdG1+vnxIZyiXD91xg6Aeqj20CYAR0F8=","srgKBWx9kudydPsViIbJBd8xFqI/1+M6KDY7yPwYE8Q=","Vu1bgRcrv+EqSghEKnA39yAQXo2TjNcTFz5ay7COoVY=","IU9aWwo1UaCsuofaJ5U57bqjjl9HZelp9qClIVfpUWk=","rf1D4a+wOHdSsarELYhG2wfUiSYhGrQ8gkSJ7V6QT1I=","evG2mSqamhrzzUP/b8jTuC/KB1Habh/FT2gYCtARcDU=","PdTHM6KwiKg3V5fgyM+iS0gkoTYi27EvC9MhBiGigXw=","40pKbvv3UBqo1Or/kThI0k3i93YFitrNB3LWwwQt7qc=","l3Dbvu54PCqKBBO2XplonMeyyBnCrSQaN477FvwNtEM=","YEVhNU8YrCUybK4/kjpRZNnS6z7xiw7kM1edKkEaw1g=","BkNLaiXx8rg7OBC6URBCPDyET/kO6W/IYim2jZCttZo=","4PTzBGtRW9FwQzcYntI2U5VZ35mcxAxRPO34xe3Lhuo=","e2FMuO8xpqOH18/NtySS+m0ffVTMbHgbAgnXhp7vVEw=","60NVfihgr9z/ENXK64hBzxFFxnZpuvpmQfCSSVWLsU8=","yIG9RfMi9+NjCcE0KDtRCKRzqIaaS94+b+SUrPKKBSg=","XOBQDSb+nxTVtOmCfvrxrJUyCNK+4wjJpwVjpONwsTI=","9lzkfRLKZ446LIEBk/+Kys7ScEPa0/bE5oeARNinKTk=","VZktpZU1NOxd4GlSDIgAlyZSMc2GTvRQy7RlFT7SKOo=","Jf7wuOFLjJmcVzBYu2du25g4pojw5mSCtwbFC8ioay8=","VSZXs1Ge2zUYzIhN0qX4Xs54AQAHQy6ZxmuTf1Y7bkE=","B3zh9km4TvDf7WVF+ZiURnYYxxkLxD2AveU1kLw1H70=","5tMd0ezhwVmiQWIrYuFe0X1v7sWfnvih70oSxqoP4ko=","YnUA7L6tXC/dFG+KzOa2UUO6usiQ691aRvZTnvmAoBg=","h3ZveS5SnOvTDM3fR2vS6IqxqLUn6eGZJoh17t1RzGY=","e9pc57X22DXQ2yvT6ppKuykp82MnzemZL5eq2cdVyAY=","ilje+iKaaNmfhgHqVEYdT9b5X1kadv2UhA58oDt/N3I=","1pyMrj9xSI2KQFar5yOrRpehaC9YXHH4GP581YG3rcg=","9pZlAjLOsYBH7t2rbE52/vCkBGmiA2xJo/bzOFBRVKM=","eTdXImsENGOiWW1LioYn6B8g5VqGLmtRb8a9FYbXMAI=","eBRLc5Z8piSHvPhR0XuabIS0qaaL4aU2tE9d8Vr7nys=","BTRLu9TFrsj/A+CTMh/QUTT/dOlI85HS1boBXL6xYgM=","toJk+e2G52jiPjvL5isx5FXAu4TuYvfZSAug2ablkj4=","AhaPmhatPcVdLs/op/Ga1A/yAI5uSIg9AaLVAbkh6/w=","LVblBdCoVg6I7KVOFZx5tFTeaZ2TMyB+kk1T+acD7vo=","5mwjzje5BvPfVt9HguFIXWasnwKsOkhPqH8RH1TLV1A=","NmAZqeD/TBl/NCeFtkGGAYI5x4xZT/LQoaA46CS5Pns=","XoCZBlwy2xg5zqDhYSIV4sL+RqPpmSf4HbpBw2c8ui4=","JKwG6+bqx7jG2Rns2SM2PrWfzvNipR5vaUbZJmb5KDc=","HLuVDI2phRGCVdhBXILc+e5+n1mb9xQVc3lotApftYw=","5rYthTAFec31M6XovMhpdnfqRaawJIZpyUD80cFNLN0=","1UGPfxQRLyhpqtoT5Z0vKv0Gy3dOi0v/CLzRf0MDH3k=","F0Lj60APkO4vuz3hanZ6X+b3gwsV8JYOwXrtbihOUe8=","ZxfC2laVJwWmWd85ANXi75YmGdlwRD++aPwpJmyiY5g=","PaEJMy/vY7BW9pjb3UyX/aK2OxzZy74vKqT7NemuJeg=","NqGomxnxSbqvsbBjz/nRVrtFC7tovmAtoqztYXbnYLI=","E+n4Rcg3o5IQktZHMLwATnxzsorXDq2wS0k7EXwamvQ=","5BdOAGNA6KAIB97SrBDIx2Oun3y3abIuAh6CBoTUbX0=","W7+mUfclqxkTmt4Nwcc7wIWiWDIBVPJ/i0s4j+zU8qE=","FgyzACcRVIV/bgaJ3h6vykmwaPvShVVFLY/pp7HG1yg=","lT2Wks+lNwb7X5gMQComZc9WqOlZfcZaOANDQQWxzTg=","jVcRDGrdWMLRW+HrnuvTTB/5djS925pw/V99Tfkeb+M=","gcnp7wSho5llY3eaIRxXqDwyuVBHTIr8QZHIe7l2t3s=","bEmdqNeG3bbHzM9nT/PdrA6CQs9BKXKe07GkRDVMKFE=","NOarNmAzmzsLCx1AOw6WAqb/M5UJn2Nu1pxLFq+2ygg=","4WAUyoJa0gACgv3SNmBAj2JqWwNY2ZI1j57DvaX1bYE=","yAJMxxIPvNLPBe3AIfPDAfc4Ur46VbuRMyVSsBc7nuE=","HMqSeKQttrwujSVDgmOpP3b0S4f6dcxJs0wYP9sUKxQ=","hL8OvbZa0jQtO8iG8UpB18O+LPHclSS7fOvCEAN8t0s=","13MnVZkHMo2+M09Os9//kvy0swmlC5ZHONw6Z0kiV6M=","YB5/gI9MeWnt9vDjGsNEwICy1BU8IyLjSUdgXDCpYGo=","lNzq249BZpiX5eSjRvHlowGN28LMMf/3VTR4LM0Qg70=","+ijEzd2f/0osl0y0nzZ15MMs37GIVKzgTLsZf5tnqB0=","FHvplxPRzXAf/152TRkyUX4PHFaFNkd22Ltx9OCgYMs=","NzGHpoTqC22AP61vsyiklioiubagylzgXtAABj3tdZM=","jYdOffFDLJaJvg5Nf0D0WF8WqK3FbK40SptTWXrfagE=","6SEwX5XX/aoyYp73YCZai60/vMSCLbKgZgK3ztg+pRo=","dyI/Q0/cPQ0VxB/I87M2XrQZrDsd1ppD31j3I6CEzBY=","Uq370vGUxix/UD2Aqzi+zlzzN3ALdAqe0lMYDnyRHfo=","4Yav4eOTAhuwDadcHsNLLLfDErDV+LfVsRso/ASYY6Y=","Fzgp35E+4jX/nPLCYxcCKC7fFTcVYAr6HVO7QNvuwgY=","iU6D7cRQzFSRUXvl1hGJjf4dq1Nd2uyFKhGo/Sz8R/M=","g97RS92afHPX0naMLMgf4nghrPuoJx6/bmylkLQIriE=","KzTVRwgmQb9/gvZe1k3qFjV3DYbW7APRv2B1mYv8WKI=","2MionISzGy8cnhAHiwTcNZY7QIovoW/09JRumI8WlB0=","gQB6tBtobO2wDOy+X0ENGbFxds9g7HIf6v6bhwUTsXU=","/vDiBmeQ1J4A83Xp3hUfd8E8ln+Rz4lIfE5nsI21UMc=","/C5kCwrPme3/GNK4owjdSc3FIQZGnBfF/kCZgzIszlM=","aaPiRukQO3ZSozKarcyKDSswKZxM0fbKtfnhid/kHwk=","HVXlLCAKxBDTQfmLYGi5rQQPF9jRzH6ooxu04J7uOv4=","1Meu6z1c8/gnL/3/oThvRl22R86JPSQcLMmNlY6iWFc=","QHqCVz9u1pUZQGp7PAG2aj36met1/pYG5qCsljQ4rxE=","113j7NPeWS0J2SGHmnPKz6rjflZ5MWw1OaIKeYcy+2w=","g82l0CkPWEqEJl/ex5Q/d3aFduLLeP4DOOF/oIYmqas=","gIdQlyx7tnZy9iXADA1UkJchOrNKj7l7sG/O3Tt8B1c=","44pUZ2cB/50EbOlI0DsKjSFSXZvqsNd0GjNHUwqNkX0=","Aw2WUirNtEsjvhPAe2fxYtpi6SE/s0/UjfmmpMmEoSg=","LWyFq9zW9pCwrJlQZMzQhxX5lNtHty1D2GjvE5nM7HQ=","PlaKmcGPXGwNqk1H8lndFMHEyiSzPw2yuGrR9f0zmjc=","xmgpr6Df6UUI0MLJwbgVRO8QwBYCf3UABb19wxZcAVk=","rkrWEjZ3LuXEZ63zRLmM4ogk9tt/VDti6BkiSDQryYA=","iyqbCcoC2HHOibkQvddn0Wou9m7m+8BCCzpNQ0VoEYw=","iG9a49MeHOVMJCiWxjYrv2IZmsyLbxiTjrlbxy5RSw4=","mrQD5vASzmAiEfr/fS02dc4HJQ8XycvSpTdFQlIdDf8=","zPWI9+uE0wJjZWjBxBVz3nwvV9KmMb3LJ5ya6Ld6Mh0=","kNO+x1vtATGRXHx/4zcNXRFV62cCdeH45WApkFEv2S8=","R/G/lgTOze2fw6TIpgTck6oq5dm2vKbmdr2MsqZBRX8=","w1YvA1QyPFoc6M/gRyAoqtlWCaIYWjX3CtYLZneV+/w=","wFje3RiuMOITnKz7R2c7IplfzdTsdl43swr2Mw1fRos=","+RVZrjFgYNB5Vib8H5G6vdW0I0PhRsikdv8YsgDalAY=","wXRZA8P0UTj0BeXX5FD5DpGynqhrho3K3ktTMG0mAaE=","svpWQzVBG5OL+wprBFBgjs1y3SUDf201hjopwNApV8g=","qy2WiTu4MGCnAelGSgJ72sS7gbWktc7H8ZaLcRg2vBs=","rlrSoKdYP9F76AGnFpuI3J/KJ+isChssb32yX3w2RBs=","AntXgU4dstj7ozIs8LK+TwZ6TdAICX2vY167WfohIRE=","yDhU2qw19nbBpo5JszuHHgp7XcT543RZ5tvgC+qR5gE=","74Fstvv9W9kcKJ7E81HCoFGlzElLyX7IcdgoAXgrkWQ=","CZtJNeTLKXSfhCwd2AFhBSNh1AjnGytrXLe8EyrRAJM=","rfyUX7pzE7O50UhAIl/oQoos0Cq38t9K0GESmh6FJ6U=","YxK/EA+6XC6RQW/w2LqCXLj0ivhnu06MZ3X7fYkIOG8=","NTtCWYACyo8wu8SN3uYrUZXEsj2zdrdZMNJRqchtCns=","RqYrvQI0iyCIYlQ8kMfJvaNKtyl7WgHBhYgHKmEaeHU=","fZAJeLE/K0lqjH3pB+NWnkAI/FgRTPn77Nm+1jiKVz4=","bnzUiNJzFO0beqSWL4stJwJtLa2nsoJsA1Pt01GABkc=","nwBJpEmNkPaUa2qpwR7WuDXODaTY5NRK6pGDtRqqA4o=","kN9nMG4EmGxUgjBie8J3JbN8bSFA22D5wk30srw9wTM=","cNet01wmxh9yzD3eOMnJu7LH73Gj/RZAjTPZ+1qhO6w=","K53bnhGa9+Jf0gLxbzk0zzWTANRiyby6jLeHz+IP52I=","UBuKq2Rzs0J/6xWdN6kqfn03hZ22wbnRw9Fs8e8ypYQ=","FpTurPA07ohlPBjo/wZLKtRreJAoznW/uae/eJ3W8xw=","RRT/pQCHN3LWVWtpkQt3gg8uLSRQTaGMA9Lh1AwWBfo=","7qOUtM6dRz37v/ls41CH5SXPOBDNk3cwbjpuOp9pRmI=","d+5VvJzgSvllwd2n+FR1W0xgAAbYaVH2hYK7hb78Efc=","d1pdACOCNphdRnb0nl9yCxyAobulR93YxY0q6tvq/ss=","iuLMDlWMlLbTi8YnlA8rMHBhBZFqasgkd95LvPy7ISY=","noddwZGWury/uz8fDrWT+Aag24M593K6fmg/086cs6I=","tHhLdnT5s33sBxhKOsVKMVZnxPNQMK6SKZJN/2laaQI=","zu2dDXSPTJpH/xFDFvXg8TCIk2DnWmSzjKNuMdba9Ww=","yyyUnbJ/g/pkbMmM7QXj2uWVG4IEBQz9bb99uj7UHU0=","qeKEcq7THuaHmGCcXTVOdQ01NYEJ6P819KseHtFzynQ=","vdbBimQVYALvw/MLXkjO11EiWj95LzeKbycYSIBmxlI=","FedcHzFfXe+d8Gnb8Of2zCZ2ZyEneGIiS7rileOh5GY=","Kz1t8OL02T/H0fh80K6uESNvLYDQMSOPu7c+/oOTvDA=","xZ3FaWGbn8pp3Xo8RLmbQJRfAn1CxIC1Bz3d1DVkzCo=","FVjoQb2cdDEHD8y6ZOHtzqPLCMxjYsAtrFKkpn3bgIM="],"block_size":4096,"path":"popup.bundle.js"},{"block_hashes":["DGngQi/VWDFXYTWP+wSWe+x+nwfnbtljFyZWouvwCl0=","mN8J0/ebv4xvlFyItXvH0IwhLXaxh9agy36s41+yulY=","Ve138gprSTWnE8tv1mtG2lIDRvOu3XVI3KuTcO022SI=","xwFRP/H0XN4rlJXCGfEB1Q8ac/PbygEWQmmlWz5AizU=","H8WEDm1tUHmEYE0udwwr9NsGH1+XGtS0uvVEkiU3Xdo=","emlXe5+an+1wwB1vmfz8nxZ4vFQoRPeSA10xLSsKtw8=","UTH0yUEUBvSFq+8mwD4MHxu+peJXCH5IK4qL+cxmfZ8=","L2nYpt54S8MtLrQB0f7/ffd7J5CfrpOCDjnshUV5G8g=","u9ohniB0gy6z0iwuezk5Zl9WRoPvHZjqE6ZJDtP1voM=","R8A/kqX/RqJbHLp7XdQ2z8mzPH2v2ARiHU3ht0ohhZg=","GRxXxbasTI+DOIS2AK1aBidBcD89vshGd6VgM8bPgs0=","qldgmRBHo8NEvno0oXVAy2H+3UbXIRiYRCUDgyLCjQk=","aRlZJcFV3+aziTdWFQhQzutHYh4JKbLtxnV1bBnd54c=","SX2j9dDn1vfdGDmLgxi7uXd/fwrLxZPxn7IOoPmFMD8=","Z8K2Q71UoOfXLR/LSr13V6uVObNasfIcq+poCI8zOX8=","rzzsQM1eregEfDn6NtRgrgzfP/+Ft1rJQBBUM1u8TbU=","61IAnBoA8Z50EHYREnnqUkJw6x2skgBHK/3nnKIZX9E=","qzv+RcMC9vNRHRKqyNTubAOTaneQC5IRhHGT9vrvht4=","TzeG1KBpLqtlYam4v2pznUHeczMsziNvGNn3aJJs7Ck=","cscp/Ela84w4KXB5W0ooXAA0CshqSOPEeKRlxhugfg8=","P8vrhnOFYl/KXYWTpV9NtvP1Ayxa9dmeloXAQ1EOs68=","EI4CgX+r+IfD4OtK+jahDTFTPqzIZAO9VX0lCww2J2E=","jdcSoWIFbWrMnyhzz5PSEK0sjUm0VJOmogTZxE9uZBI=","dwF5MAXkFRAN02hAhHF8Sc0hSHC8KJi5e2ryavdBgdw=","MFY7yS6QmwgOecmnPNN55pEyrqnHGHp6YIjpq+o7srw=","pGOqg7APlvofq76ENkWIUyzr25EzH77qN4uyphsB5eI=","ZuNBrjxZmHXKEyYBmhTiPIeVn46zU5HQtl4kfYVCibU=","mGB5mSwipc/DvUpsg3EtsjQIjAPqeZUZdZKKpzKTL5w=","1XTPrMudpncUCGzQ/2SNfWV1m7e+p73TC0n3Kpf5Y+o=","ibJnBJ7fnqBV2BairgRAxFqM78IjoJzAIdo0t/ZMr94=","EzK6l/r4QBBrsRIor4Dj/9sV9248sQzrhPIxRZ423Uo=","IzKN5G5YDf6ODuWStcxqEWtJB1bQH/XLmY20ywGdGfM=","FzJBbQfh3HWDUy7JduxAmIhGSQ1ujo+h/IkALeXqddc=","oEtrs2QgmHcYSWZxWk6dflQb0BUGRw+DrHIQzl0FqVE=","3Gov95i7jl8XPbAVzXyxWmVON+4qdH+HGEvpNZoYuUc=","w4veTY2l5ZCmCOFKG+lMmtluxJn2BuoY7O+V2BIsx10=","rXqnfObCP3yr9jEHvR9//c1MPeUeQTkGmxuRyT0qwZY=","dqD4GSOygYviNCO06pBI5xSlHzI9NA1/a2u1RvbXxmY=","Rd37q/ifDS/uUqMxSEP9nVrfsAKtjpjgIX7T4cRhcyg=","ZwlBculb8eQm7Zl8TVF1PV1rE6dN2ZJW0IwaasRlTO0=","9aUbGpRxXdyiGmmLhfYSPmTMT6gsIT2PXKF8/WgBUYo=","UbUHD9JPu+XYin6nvzZkIs0SzFyY7idnNcII7Y5HyEE=","w55ExsiLAMJ7VzI76a7Lj+nmWLq5CxpGI4KwjepSC24=","Ku+hPCeburbhOqKwDhRR4ajN97o0w1FtOQ6pj+36HVc=","I1Cwk0MqOnLZwNsbMcGfdTAFS+GDdK2lTvpM8KmTvj4=","JaBjToZOjcfoU78CGfM2DK9XrHItKyTnEQT3PmHRQwg=","WxnTc6dXXJ2UkdV73CHalxiVDnIcCWrO/tm/vj9UFuI=","naKiKO4AwzoW3Yv4E1H9z5BwOsVdFHobkui1c96bIZk=","3lTS+WAlGUugy68xxl+D26YF3wgjPs/CtLWJdssEZKI="],"block_size":4096,"path":"popup.css"},{"block_hashes":["A4l3WkIGgOdOYxPxmvNXLrTtmnFiNvM1lAEBLUkmlLg="],"block_size":4096,"path":"popup.html"}],"version":2}